<workflow-app name="CORE FILTROS - Con Cabeceras" xmlns="uri:oozie:workflow:0.5">
    <start to="shell-5d87"/>
    <kill name="Kill">
        <message>Error al realizar la acción. Mensaje de error [${wf:errorMessage(wf:lastErrorNode())}]</message>
    </kill>
    <action name="shell-5d87">
        <shell xmlns="uri:oozie:shell-action:0.1">
            <job-tracker>${jobTracker}</job-tracker>
            <name-node>${nameNode}</name-node>
            <exec>GenerarPOFiltros.sh</exec>
            <file>/datalab/datalab_bigdata/journeys_oozie/Core_Filtros/GenerarPOFiltros.sh#GenerarPOFiltros.sh</file>
              <capture-output/>
        </shell>
        <ok to="End"/>
        <error to="Kill"/>
    </action>
    <end name="End"/>
</workflow-app>