<workflow-app name="JOURNEY VENCIMIENTO" xmlns="uri:oozie:workflow:0.5">
  <credentials>
    <credential name="hive2" type="hive2">
      <property>
        <name>hive2.jdbc.url</name>
        <value>jdbc:hive2://sliro5367.cm.es:64703/default</value>
      </property>
      <property>
        <name>hive2.server.principal</name>
        <value>hive/sliro5367.cm.es@GRUPO.CM.ES</value>
      </property>
    </credential>
  </credentials>
    <start to="hive2-0bc4"/>
    <kill name="Kill">
        <message>Error al realizar la acción. Mensaje de error [${wf:errorMessage(wf:lastErrorNode())}]</message>
    </kill>
    <action name="hive2-0bc4" cred="hive2">
        <hive2 xmlns="uri:oozie:hive2-action:0.1">
            <job-tracker>${jobTracker}</job-tracker>
            <name-node>${nameNode}</name-node>
            <jdbc-url>jdbc:hive2://sliro5367.cm.es:64703/default</jdbc-url>
            <script>/datalab/datalab_bigdata/journeys_oozie/journey_vencimiento_hogar/JR05_Vencimiento_SeguroHogar_OE_Query_v2.0.hql</script>
        </hive2>
        <ok to="fs-5be1"/>
        <error to="Kill"/>
    </action>
    <action name="fs-5be1">
        <fs>
              <move source='${nameNode}/datalab/datalab_bigdata/journeys_oozie/journey_vencimiento_hogar/OutgestaAux/000000_0' target='${nameNode}/datalab/datalab_bigdata/journeys_oozie/journey_vencimiento_hogar/Outgesta/BGOU_AUD00005_JR05VencimientoSeguroHogarOE_${fecha}_${fecha}_1.avro'/>
        </fs>
        <ok to="shell-00ea"/>
        <error to="Kill"/>
    </action>
    <action name="shell-00ea">
        <shell xmlns="uri:oozie:shell-action:0.1">
            <job-tracker>${jobTracker}</job-tracker>
            <name-node>${nameNode}</name-node>
            <exec>mueve_nas_05.sh</exec>
            <file>/datalab/datalab_bigdata/journeys_oozie/journey_vencimiento_hogar/mueve_nas_05.sh#mueve_nas_05.sh</file>
              <capture-output/>
        </shell>
        <ok to="End"/>
        <error to="Kill"/>
    </action>
    <end name="End"/>
</workflow-app>