<workflow-app name="CORE CLIENTES - Con Cabeceras" xmlns="uri:oozie:workflow:0.5">
    <start to="shell-fe96"/>
    <kill name="Kill">
        <message>Error al realizar la acción. Mensaje de error [${wf:errorMessage(wf:lastErrorNode())}]</message>
    </kill>
    <action name="shell-fe96">
        <shell xmlns="uri:oozie:shell-action:0.1">
            <job-tracker>${jobTracker}</job-tracker>
            <name-node>${nameNode}</name-node>
            <exec>GenerarPOClientes.sh</exec>
            <file>/datalab/datalab_bigdata/journeys_oozie/Core_Clientes/GenerarPOClientes.sh#GenerarPOClientes.sh</file>
              <capture-output/>
        </shell>
        <ok to="End"/>
        <error to="Kill"/>
    </action>
    <end name="End"/>
</workflow-app>